{"metadata_version":1,"profiles":{"xiaomi_mir3g-v2":{"image_prefix":"openwrt-ramips-mt7621-xiaomi_mir3g-v2","images":[{"name":"openwrt-ramips-mt7621-xiaomi_mir3g-v2-squashfs-sysupgrade.bin","sha256":"83feed9ff633863acb1f14b61c30029b924fec252c1ed1e4de2a909e52b2d872","type":"sysupgrade"}],"supported_devices":["xiaomi,mir3g-v2"],"titles":[{"model":"Mi Router 3G","variant":"v2","vendor":"Xiaomi"},{"model":"Mi Router 4A","variant":"Gigabit Edition","vendor":"Xiaomi"}]}},"target":"ramips/mt7621","version_code":"r13499-7b4877c204","version_number":"SNAPSHOT"}